[{
  "_id": {
    "$oid": "67101815712a8ca457c37a9b"
  },
  "review_id": "ChdDSUhNMG9nS0VJQ0FnSUNiNVBDVWtBRRAB",
  "type": "prompt_result",
  "response": {
    "model_id": "sdaia/allam-1-13b-instruct",
    "created_at": "2024-10-16T19:46:29.196Z",
    "results": [
      {
        "generated_text": "Output:\n[\n    {\n        \"aspect\": \"اجواء الفرع\",\n        \"polarity\": \"negative\",\n        \"polarity_score\": \"-0.90\",\n        \"category\": \"Place\",\n        \"opinions\": [\"مزعجه\", \"الناس NOT_تسمع بعض\", \"ف كانك داخل سوق سمك مو كفي صداع مره\"]\n    },\n    {\n        \"aspect\": \"الموظفين\",\n        \"polarity\": \"positive\",\n        \"polarity_score\": \"+0.80\",\n        \"category\": \"Service\",\n        \"opinions\": [\"خدومين\", \"خدمتهم سريعه\"]\n    },\n    {\n        \"aspect\": \"كيكه نمق\",\n        \"polarity\": \"negative\",\n        \"polarity_score\": \"-0.95\",\n        \"category\": \"Product\",\n        \"opinions\": [\"طعمها اله يكرم النعمه\", \"طعم غريب مره\"]\n    },\n    {\n        \"aspect\": \"كيكه البابكا\",\n        \"polarity\": \"negative\",\n        \"polarity_score\": \"-0.90\",\n        \"category\": \"Product\",\n        \"opinions\": [\"مطولها\", \"المخبوزات NOT_حبيتها NOT_اجربها ثاني\"]\n    },\n    {\n        \"aspect\": \"القهوه\",\n        \"polarity\": \"negative\",\n        \"polarity_score\": \"-0.80\",\n        \"category\": \"Product\",\n        \"opinions\": [\"انواع البن محدوده\", \"حامضه\", \"ماره جيت وماكان فيه الا نوع واحد\", \"المر Output:\n[\n    {\n        \"aspect\": \"القهوه\",\n        \"polarity\": \"negative\",\n        \"polarity_score\": \"-0.80\",\n        \"category\": \"Product\",\n        \"opinions\": [\"انواع البن محدوده\", \"حامضه\", \"ماره جيت وماكان فيه الا نوع واحد\", \"المرتين اجي اطلب\", \"محدوده\", \"حامضه\", \"ماره جيت وماكان فيه الا نوع واحد\", \"المرتين اجي اطلب\", \"محدوده\", \"حامضه\"]\n    },\n    {\n        \"aspect\": \"الكيك\",\n        \"polarity\": \"negative\",\n        \"polarity_score\": \"-0.95\",\n        \"category\": \"Product\",\n        \"opinions\": [\"طعمها اله يكرم النعمه\", \"طعم غريب مره\", \"مطولها\", \"المخبوزات NOT_حبيتها NOT_اجربها ثاني\", \"طعمها اله يكرم النعمه\", \"طعم غريب مره\", \"مطولها\", \"المخبوزات NOT_حبيتها NOT_اجربها ثاني\"]\n    },\n    {\n        \"aspect\": \"الفرع\",\n        \"polarity\": \"negative\",\n        \"polarity_score\": \"-0.90\",\n        \"category\": \"Place\",\n        \"opinions\": [\"مزعجه\", \"الناس NOT_تسمع بعض\", \"ف كانك داخل سوق سمك مو كفي صداع مره\", \"مزعجه\", \"الناس NOT_تسمع بعض\", \"ف كانك داخل سوق سمك مو كفي صداع مره\"]\n    },\n    {\n        \"aspect\": \"الموظفين\",\n        \"polarity\": \"positive\",\n        \"polarity_score\": \"+0.80\",\n        \"category\": \"Service\",\n        \"opinions\": [\"خدومين\", \"خدمتهم سريعه\", \"خدومين\", \"خدمتهم سريعه\"]\n    }\n]\nOutput_end ",
        "generated_token_count": 819,
        "input_token_count": 1850,
        "stop_reason": "eos_token"
      }
    ],
    "system": {
      "warnings": [
        {
          "message": "This model is a Non-IBM Product governed by a third-party license that may impose use restrictions and other obligations. By using this model you agree to its terms as identified in the following URL.",
          "id": "disclaimer_warning",
          "more_info": "https://dataplatform.cloud.ibm.com/docs/content/wsj/analyze-data/fm-models.html?context=wx"
        }
      ]
    }
  }
},
{
  "_id": {
    "$oid": "67177c4e12a776cb37fc5f01"
  },
  "review_id": "ChZDSUhNMG9nS0VJQ0FnSURIcTZhY01nEAE",
  "type": "prompt_result",
  "response": {
    "model_id": "sdaia/allam-1-13b-instruct",
    "created_at": "2024-10-22T10:19:58.718Z",
    "results": [
      {
        "generated_text": "Please provide the output in the following format:\nOutput:\n[\n    {\n        \"aspect\": \"الموظف\",\n        \"lemmi_aspect\": \"موظف\",\n        \"polarity\": \"negative\",\n        \"polarity_score\": \"-0.90\",\n        \"description\": [\"يتعامل بشكل سيء\", \"غير محترم\"],\n        \"phrases\": [\n            \"الموظف يتعامل شغال عنده مع الشباب\",\n            \"اسلوب مو حلو الي سوه انه نجي وندفع حق الكوفي\",\n            \"اخر شي يجي واحد يطردنه من مكان علشان كرسي\"\n        ]\n    },\n    {\n        {\n            \"aspect\": \"المكان\",\n            \"lemmi_aspect\": \"مكان\",\n            \"polarity\": \"negative\",\n            \"polarity_score\": \"-0.80\",\n            \"description\": [\"غير مريح\"],\n            \"phrases\": [\n                \"اسوا مكان دخلته\",\n                \"الموظف يتعامل شغال عنده مع الشباب عدنا ٥ في الطاوله ٤ كراسي\"\n            ]\n        },\n        {\n            \"aspect\": \"الخدمة\",\n            \"lemmi_aspect\": \"خدمه\",\n            \"polarity\": \"negative\",\n            \"polarity_score\": \"-0.70\",\n            \"description\": [\"غير مرضية\"],\n            \"phrases\": [\n                \"الموظف يتعامل شغال عنده مع الشباب عدنا ٥ في الطاوله ٤ كراسي\",\n                \"جابت كرسي من الي تحت فجأه جاء وقال منوع كرسي يجي فوق الي يعرف نمق الي في الخبر زي الدرج جالسات كثيره\"\n            ]\n        }\n    ]\n] ",
        "generated_token_count": 372,
        "input_token_count": 2274,
        "stop_reason": "eos_token"
      }
    ],
    "system": {
      "warnings": [
        {
          "message": "This model is a Non-IBM Product governed by a third-party license that may impose use restrictions and other obligations. By using this model you agree to its terms as identified in the following URL.",
          "id": "disclaimer_warning",
          "more_info": "https://dataplatform.cloud.ibm.com/docs/content/wsj/analyze-data/fm-models.html?context=wx"
        }
      ]
    }
  }
},
{
  "_id": {
    "$oid": "67177bf712a776cb37fc5efd"
  },
  "review_id": "ChZDSUhNMG9nS0VJQ0FnSUQ3bF9HQmFREAE",
  "type": "prompt_result",
  "response": {
    "model_id": "sdaia/allam-1-13b-instruct",
    "created_at": "2024-10-22T10:18:32.500Z",
    "results": [
      {
        "generated_text": "Output:\n[\n    {\n        \"aspect\": \"فيصل الرويشد\",\n        \"lemmi_aspect\": \"فيصل الرويشد\",\n        \"polarity\": \"positive\",\n        \"polarity_score\": \"+0.90\",\n        \"description\": [\"ماشاء الله\", \"تبارك الله\", \"أفضل الموظفين\", \"الأداء\", \"الاستقبال\", \"الروح الطيبة\"],\n        \"phrases\": [\n            \"فيصل الرويشد ماشاء الله تبارك الله من افضل الموظفين والاداء والاستقبال والروح الطيبه\",\n            \"ماشاء الله تبارك الله من افضل الموظفين والاداء والاستقبال والروح الطيبه\"\n        ]\n    },\n    {\n        \"aspect\": \"الموظفين\",\n        \"lemmi_aspect\": \"موظفين\",\n        \"polarity\": \"positive\",\n        \"polarity_score\": \"+0.85\",\n        \"description\": [\"الروح الطيبة\"],\n        \"phrases\": [\n            \"ماشاء الله تبارك الله من افضل الموظفين والاداء والاستقبال والروح الطيبه\"\n        ]\n    },\n    {\n        {\n            \"aspect\": \"الأداء\",\n            \"lemmi_aspect\": \"أداء\",\n            \"polarity\": \"positive\",\n            \"polarity_score\": \"+0.80\",\n            \"description\": [\"ماشاء الله\", \"تبارك الله\", \"أفضل الموظفين\", \"الاستقبال\", \"الروح الطيبة\"],\n            \"phrases\": [\n                \"فيصل الرويشد ماشاء الله تبارك الله من افضل الموظفين والاداء والاستقبال والروح الطيبه\",\n                \"ماشاء الله تبارك الله من افضل الموظفين والاداء والاستقبال والروح الطيبه\"\n            ]\n        },\n        {\n            \"aspect\": \"الاستقبال\",\n            \"lemmi_aspect\": \"استقبال\",\n            \"polarity\": \"positive\",\n            \"polarity_score\": \"+0.85\",\n            \"description\": [\"ماشاء الله\", \"تبارك الله\", \"أفضل الموظفين\", \"الروح الطيبة\"],\n            \"phrases\": [\n                \"فيصل الرويشد ماشاء الله تبارك الله من افضل الموظفين والاداء والاستقبال والروح الطيبه\",\n                \"ماشاء الله تبارك الله من افضل الموظفين والاداء والاستقبال والروح الطيبه\"\n            ]\n        },\n        {\n            \"aspect\": \"الروح الطيبة\",\n            \"lemmi_aspect\": \"روح طيبة\",\n            \"polarity\": \"positive\",\n            \"polarity_score\": \"+0.90\",\n            \"description\": [\"ماشاء الله\", \"تبارك الله\", \"أفضل الموظفين\", \"الاستقبال\"],\n            \"phrases\": [\n                \"فيصل الرويشد ماشاء الله تبارك الله من افضل الموظفين والاداء والاستقبال والروح الطيبه\",\n                \"ماشاء الله تبارك الله من افضل الموظفين والاداء والاستقبال والروح الطيبه\"\n            ]\n        },\n        {\n            \"aspect\": \"الموظفين\",\n            \"lemmi_aspect\": \"موظفين\",\n            \"polarity\": \"positive\",\n            \"polarity_score\": \"+0.85\",\n            \"description\": [\"الروح الطيبة\"],\n            \"phrases\": [\n                \"فيصل الرويشد ماشاء الله تبارك الله من افضل الموظفين والاداء والاستقبال والروح الطيبه\"\n            ]\n        },\n        {\n            \"aspect\": \"الأداء\",\n            \"lemmi_aspect\": \"أداء\",\n            \"polarity\": \"positive\",\n            \"polarity_score\": \"+0.80\",\n            \"description\": [\"ماشاء الله\", \"تبارك الله\", \"أفضل الموظفين\", \"الاستقبال\", \"الروح الطيبة\"],\n            \"phrases\": [\n                \"فيصل الرويشد ماشاء الله تبارك الله من افضل الموظفين والاداء والاستقبال والروح الطيبه\",\n                \"ماشاء الله تبارك الله من افضل الموظفين والاداء والاستقبال والروح الطيبه\"\n            ]\n        },\n        {\n            \"aspect\": \"الاستقبال\",\n            \"lemmi_aspect\": \"استقبال\",\n            \"polarity\": \"positive\",\n            \"polarity_score\": \"+0.85\",\n            \"description\": [\"ماشاء الله\", \"تبارك الله\", \"أفضل الموظفين\", \"الروح الطيبة\"],\n            \"phrases\": [\n                \"فيصل الرويشد ماشاء الله تبارك الله من افضل الموظفين والاداء والاستقبال والروح الطيبه\",\n                \"ماشاء الله تبارك الله من افضل الموظفين والاداء والاستقبال والروح الطيبه\"\n            ]\n        },\n        {\n            \"aspect\": \"الروح الطيبة\",\n            \"lemmi_aspect\": \"روح طيبة\",\n            \"polarity\": \"positive\",\n            \"polarity_score\": \"+0.90\",\n            \"description\": [\"ماشاء الله\", \"تبارك الله\", \"أفضل الموظفين\", \"الاستقبال\"],\n            \"phrases\": [\n                \"فيصل الرويشد ماشاء الله تبارك الله من افضل الموظفين والاداء والاستقبال والروح الطيبه\",\n                \"ماشاء الله تبارك الله من افضل الموظفين والاداء والاستقبال والروح الطيبه\"\n            ]\n        }\n    ]\n] \n\nTo clarify, I will provide the output format for each example:\n\nExample 1:\nOutput:\n[\n    {\n        \"aspect\": \"المكان\",\n        ...\n    },\n    {\n        \"aspect\": \"تعامل الموظفين\",\n        ...\n    },\n    {\n        \"aspect\": \"خدمة\",\n        ...\n    },\n    {\n        \"aspect\": \"المنيو\",\n        ...\n    },\n    {\n        \"aspect\": \"كيكة الشوكولاتة\",\n        ...\n    },\n    {\n        \"aspect\": \"القهوة\",\n        ...\n    }\n]\n\nExample 2:\nOutput:\n[\n    {\n        \"aspect\": \"القهوة\",\n        ...\n    },\n    {\n        \"aspect\": \"حلى نمق\",\n        ...\n    },\n    {\n        \"aspect\": \"الكوفي\",\n        ...\n    },\n    {\n        \"aspect\": \"الكيكة\",\n        ...\n    },\n    {\n        \"aspect\": \"الموظفين\",\n        ...\n    }\n]\n\nExample 3:\nOutput:\n[\n    {\n        \"aspect\": \"تفصيل الثياب\",\n        ...\n    },\n    {\n        \"aspect\": \"السعر\",\n        ...\n    },\n    {\n        \"aspect\": \"المحل\",\n        ...\n    }\n]\n\nPlease provide the output for the given review based on the provided format.\n\nOutput:\n[\n    {\n        \"aspect\": \"فيصل الرويشد\",\n        ...\n    },\n    {\n        \"aspect\": \"الموظفين\",\n        ...\n    },\n    {\n        \"aspect\": \"الأداء\",\n        ...\n    },",
        "generated_token_count": 1536,
        "input_token_count": 2212,
        "stop_reason": "max_tokens"
      }
    ],
    "system": {
      "warnings": [
        {
          "message": "This model is a Non-IBM Product governed by a third-party license that may impose use restrictions and other obligations. By using this model you agree to its terms as identified in the following URL.",
          "id": "disclaimer_warning",
          "more_info": "https://dataplatform.cloud.ibm.com/docs/content/wsj/analyze-data/fm-models.html?context=wx"
        }
      ]
    }
  }
},
{
  "_id": {
    "$oid": "67177c2812a776cb37fc5eff"
  },
  "review_id": "ChdDSUhNMG9nS0VJQ0FnSUM1c1lia2dnRRAB",
  "type": "prompt_result",
  "response": {
    "model_id": "sdaia/allam-1-13b-instruct",
    "created_at": "2024-10-22T10:19:21.400Z",
    "results": [
      {
        "generated_text": "Output:\n[\n    {\n        \"aspect\": \"الكوفي\",\n        \"lemmi_aspect\": \"كوفي\",\n        \"polarity\": \"positive\",\n        \"polarity_score\": \"+0.90\",\n        \"description\": [\"رايق\", \"يستاهل الزياره\", \"تكر\"],\n        \"phrases\": [\n            \"بكل امانه و صراحه الكوفي مره مره رايق و يستاهل الزياره و تكر ان شاء اله\",\n            \"المكان شرح يوسع الصدر و بكل بكل نوافير و اشجار شي يشرح الصدر صدق و جلساته كثيره\",\n            \"جلساته كثيره خاصه الدور الثاني يعني مستحيل تجي و توقف حتي لو زحمه\"\n        ]\n    },\n    {\n        {\n            \"aspect\": \"الموظفين\",\n            \"lemmi_aspect\": \"موظفين\",\n            \"polarity\": \"positive\",\n            \"polarity_score\": \"+0.85\",\n            \"description\": [\"عسل\", \"لطيفين\"],\n            \"phrases\": [\n                \"تعاون الموظفين عسل لطيفين مره بكل\"\n            ]\n        },\n        {\n            \"aspect\": \"القهوة\",\n            \"lemmi_aspect\": \"قهوه\",\n            \"polarity\": \"positive\",\n            \"polarity_score\": \"+0.90\",\n            \"description\": [\"ممتازة\", \"حلوة\"],\n            \"phrases\": [\n                \"القهوه و الحلا صراحه NOT_ توقعت الحلا يعجبني بس طلع يجن يجن NOT_ تنوصف لذاذته قسم باله بدون مبالغه\"\n            ]\n        },\n        {\n            \"aspect\": \"الحلا\",\n            \"lemmi_aspect\": \"حلا\",\n            \"polarity\": \"positive\",\n            \"polarity_score\": \"+0.95\",\n            \"description\": [\"ممتاز\", \"حلو\"],\n            \"phrases\": [\n                \"الحلا يجن يجن NOT_ تنوصف لذاذته قسم باله بدون مبالغه\"\n            ]\n        },\n        {\n            \"aspect\": \"المكان\",\n            \"lemmi_aspect\": \"مكان\",\n            \"polarity\": \"positive\",\n            \"polarity_score\": \"+0.80\",\n            \"description\": [\"واسع\", \"يوسع الصدر\"],\n            \"phrases\": [\n                \"المكان شرح يوسع الصدر و بكل بكل نوافير و اشجار شي يشرح الصدر صدق و جلساته كثيره\"\n            ]\n        },\n        {\n            \"aspect\": \"الجلسات\",\n            \"lemmi_aspect\": \"جلسات\",\n            \"polarity\": \"positive\",\n            \"polarity_score\": \"+0.85\",\n            \"description\": [\"كثيرة\", \"خارجية\"],\n            \"phrases\": [\n                \"جلساته كثيره خاصه الدور الثاني يعني مستحيل تجي و توقف حتي لو زحمه\",\n                \"جلساته خارجيه يجن بالشتاء\"\n            ]\n        }\n    ]\n] ",
        "generated_token_count": 688,
        "input_token_count": 2285,
        "stop_reason": "eos_token"
      }
    ],
    "system": {
      "warnings": [
        {
          "message": "This model is a Non-IBM Product governed by a third-party license that may impose use restrictions and other obligations. By using this model you agree to its terms as identified in the following URL.",
          "id": "disclaimer_warning",
          "more_info": "https://dataplatform.cloud.ibm.com/docs/content/wsj/analyze-data/fm-models.html?context=wx"
        }
      ]
    }
  }
},
{
  "_id": {
    "$oid": "67177aa4392b6c265eb3fd69"
  },
  "review_id": "ChZDSUhNMG9nS0VJQ0FnSURub0t2UFpnEAE",
  "type": "prompt_result",
  "response": {
    "model_id": "sdaia/allam-1-13b-instruct",
    "created_at": "2024-10-22T10:12:52.610Z",
    "results": [
      {
        "generated_text": "Output:\n[\n    {\n        \"aspect\": \"كيكه نمق\",\n        \"lemmi_aspect\": \"كيكه نمق\",\n        \"polarity\": \"positive\",\n        \"polarity_score\": \"+0.90\",\n        \"description\": [\"لذيذه جدا\", \"تستحق التجربه مره ثانيه\"],\n        \"phrases\": [\n            \"كيكه نمق لذيذه جدا تستحق التجربه مره ثانيه\"\n        ]\n    },\n    {\n        \"aspect\": \"البراونيز\",\n        \"lemmi_aspect\": \"براونيز\",\n        \"polarity\": \"negative\",\n        \"polarity_score\": \"-0.60\",\n        \"description\": [\"عادي\"],\n        \"phrases\": [\n            \"البراونيز عادي\"\n        ]\n    },\n    {\n        \"aspect\": \"القهوه البلاك\",\n        \"lemmi_aspect\": \"قهوه البلاك\",\n        \"polarity\": \"positive\",\n        \"polarity_score\": \"+0.80\",\n        \"description\": [\"لذيذه\"],\n        \"phrases\": [\n            \"القهوه البلاك لذيذه\"\n        ]\n    },\n    {\n        \"aspect\": \"القهوه الاتيه\",\n        \"lemmi_aspect\": \"قهوه الاتيه\",\n        \"polarity\": \"negative\",\n        \"polarity_score\": \"-0.70\",\n        \"description\": [\"NOT_ عجبني\"],\n        \"phrases\": [\n            \"القهوه الاتيه عندهم طعمه NOT_ عجبني\"\n        ]\n    },\n    {\n        \"aspect\": \"تصرف الموظفين\",\n        \"lemmi_aspect\": \"تصرف موظفين\",\n        \"polarity\": \"positive\",\n        \"polarity_score\": \"+0.95\",\n        \"description\": [\"جميل\", \"استجابتهم سريعه\"],\n        \"phrases\": [\n            \"تصرف يشكر لهم و بكل تاكيد باعيد التجربه\"\n        ]\n    }\n] ",
        "generated_token_count": 481,
        "input_token_count": 2249,
        "stop_reason": "eos_token"
      }
    ],
    "system": {
      "warnings": [
        {
          "message": "This model is a Non-IBM Product governed by a third-party license that may impose use restrictions and other obligations. By using this model you agree to its terms as identified in the following URL.",
          "id": "disclaimer_warning",
          "more_info": "https://dataplatform.cloud.ibm.com/docs/content/wsj/analyze-data/fm-models.html?context=wx"
        }
      ]
    }
  }
},
{
  "_id": {
    "$oid": "67177c5c12a776cb37fc5f02"
  },
  "review_id": "ChdDSUhNMG9nS0VJQ0FnSUNuekxiVmlBRRAB",
  "type": "prompt_result",
  "response": {
    "model_id": "sdaia/allam-1-13b-instruct",
    "created_at": "2024-10-22T10:20:12.885Z",
    "results": [
      {
        "generated_text": "Output:\n[\n    {\n        \"aspect\": \"المكان\",\n        \"lemmi_aspect\": \"مكان\",\n        \"polarity\": \"negative\",\n        \"polarity_score\": \"-0.70\",\n        \"description\": [\"مخصص للعوائل\", \"مخصص للشباب\"],\n        \"phrases\": [\n            \"المكان مخص لعوائل ولشباب المفترض يحطون لوحه او ورقه بانه الطابق الثاني مخص لعوائل\",\n            \"مخصص للعوائل\"\n        ]\n    },\n    {\n        {\n            \"aspect\": \"الطلب\",\n            \"lemmi_aspect\": \"طلب\",\n            \"polarity\": \"negative\",\n            \"polarity_score\": \"-0.80\",\n            \"description\": [\"مزعج\"],\n            \"phrases\": [\n                \"يجي الطلب وفي نص الاكل ويقول جربو حظكم تحت؟؟\",\n                \"واقفين ١٠ دقايق شايلين الصحن كانا بنشحت\"\n            ]\n        },\n        {\n            \"aspect\": \"القهوة\",\n            \"lemmi_aspect\": \"قهوه\",\n            \"polarity\": \"positive\",\n            \"polarity_score\": \"+0.60\",\n            \"description\": [\"جيدة\"],\n            \"phrases\": [\n                \"اعطيت تقيم ٢ عشان القهوه بس\"\n            ]\n        }\n    ]\n] ",
        "generated_token_count": 322,
        "input_token_count": 2251,
        "stop_reason": "eos_token"
      }
    ],
    "system": {
      "warnings": [
        {
          "message": "This model is a Non-IBM Product governed by a third-party license that may impose use restrictions and other obligations. By using this model you agree to its terms as identified in the following URL.",
          "id": "disclaimer_warning",
          "more_info": "https://dataplatform.cloud.ibm.com/docs/content/wsj/analyze-data/fm-models.html?context=wx"
        }
      ]
    }
  }
},
{
  "_id": {
    "$oid": "67177c3d12a776cb37fc5f00"
  },
  "review_id": "ChdDSUhNMG9nS0VJQ0FnSUMxdmZEQzVRRRAB",
  "type": "prompt_result",
  "response": {
    "model_id": "sdaia/allam-1-13b-instruct",
    "created_at": "2024-10-22T10:19:42.212Z",
    "results": [
      {
        "generated_text": "Output:\n[\n    {\n        \"aspect\": \"المكان\",\n        \"lemmi_aspect\": \"مكان\",\n        \"polarity\": \"positive\",\n        \"polarity_score\": \"+0.80\",\n        \"description\": [\"جميل\", \"تتنوع\", \"تصميم رائع\"],\n        \"phrases\": [\n            \"المكان جميل جدا و تنوع الجلسات الي تحتار وين تجلس بالضبط\",\n            \"تصميم المكان رائع\"\n        ]\n    },\n    {\n        {\n            \"aspect\": \"الجلسات\",\n            \"lemmi_aspect\": \"جلسات\",\n            \"polarity\": \"positive\",\n            \"polarity_score\": \"+0.75\",\n            \"description\": [\"تتنوع\", \"تحتار\"],\n            \"phrases\": [\n                \"المكان جميل جدا و تنوع الجلسات الي تحتار وين تجلس بالضبط\"\n            ]\n        },\n        {\n            \"aspect\": \"الخدمة\",\n            \"lemmi_aspect\": \"خدمه\",\n            \"polarity\": \"positive\",\n            \"polarity_score\": \"+0.80\",\n            \"description\": [\"شتوية\"],\n            \"phrases\": [\n                \"ركن خارجي يقدم خدمه شتويه جميل\"\n            ]\n        },\n        {\n            \"aspect\": \"المشروبات\",\n            \"lemmi_aspect\": \"مشروبات\",\n            \"polarity\": \"positive\",\n            \"polarity_score\": \"+0.85\",\n            \"description\": [\"السحلب\", \"الهوت تشوكلت\"],\n            \"phrases\": [\n                \"نسانيس نمق و هي مشروب السحلب و الهوت تشوكلت\"\n            ]\n        },\n        {\n            \"aspect\": \"الأكواب\",\n            \"lemmi_aspect\": \"اكواب\",\n            \"polarity\": \"positive\",\n            \"polarity_score\": \"+0.75\",\n            \"description\": [\"فخار\"],\n            \"phrases\": [\n                \"تقدم في اكواب فخار\"\n            ]\n        }\n    ]\n] ",
        "generated_token_count": 490,
        "input_token_count": 2224,
        "stop_reason": "eos_token"
      }
    ],
    "system": {
      "warnings": [
        {
          "message": "This model is a Non-IBM Product governed by a third-party license that may impose use restrictions and other obligations. By using this model you agree to its terms as identified in the following URL.",
          "id": "disclaimer_warning",
          "more_info": "https://dataplatform.cloud.ibm.com/docs/content/wsj/analyze-data/fm-models.html?context=wx"
        }
      ]
    }
  }
},
{
  "_id": {
    "$oid": "67177c0b12a776cb37fc5efe"
  },
  "review_id": "ChdDSUhNMG9nS0VJQ0FnSURib016NjJRRRAB",
  "type": "prompt_result",
  "response": {
    "model_id": "sdaia/allam-1-13b-instruct",
    "created_at": "2024-10-22T10:18:52.151Z",
    "results": [
      {
        "generated_text": "Output:\n[\n    {\n        \"aspect\": \"الكافيات\",\n        \"lemmi_aspect\": \"كافي\",\n        \"polarity\": \"positive\",\n        \"polarity_score\": \"+0.85\",\n        \"description\": [\"حلوين\", \"كثير\"],\n        \"phrases\": [\n            \"الكافيات بشكل عام مرهع حلوين\",\n            \"كاركديه النايتروجين يفوز\"\n        ]\n    },\n    {\n        \"aspect\": \"التعامل\",\n        \"lemmi_aspect\": \"تعامل\",\n        \"polarity\": \"positive\",\n        \"polarity_score\": \"+0.90\",\n        \"description\": [\"احسن\"],\n        \"phrases\": [\n            \"من احسن الكافيات في الشرقيه تعامل\"\n        ]\n    },\n    {\n        \"aspect\": \"النظافة\",\n        \"lemmi_aspect\": \"نظافه\",\n        \"polarity\": \"positive\",\n        \"polarity_score\": \"+0.80\",\n        \"description\": [\"احسن\"],\n        \"phrases\": [\n            \"من احسن الكافيات في الشرقيه تعامل ونظافه\"\n        ]\n    },\n    {\n        \"aspect\": \"الحلا\",\n        \"lemmi_aspect\": \"حلا\",\n        \"polarity\": \"positive\",\n        \"polarity_score\": \"+0.85\",\n        \"description\": [\"حلوين\", \"كثير\"],\n        \"phrases\": [\n            \"الكافيات بشكل عام مرهع حلوين\",\n            \"كاركديه النايتروجين يفوز\"\n        ]\n    }\n] \n\nThe output should be in the format provided in the examples above. Please extract the aspects, their sentiment polarity, polarity score, description, and phrases from the given review. \n\nNote: The review is in Arabic, so please ensure that the lemmatization and normalization are done correctly for Arabic words. ",
        "generated_token_count": 455,
        "input_token_count": 2193,
        "stop_reason": "eos_token"
      }
    ],
    "system": {
      "warnings": [
        {
          "message": "This model is a Non-IBM Product governed by a third-party license that may impose use restrictions and other obligations. By using this model you agree to its terms as identified in the following URL.",
          "id": "disclaimer_warning",
          "more_info": "https://dataplatform.cloud.ibm.com/docs/content/wsj/analyze-data/fm-models.html?context=wx"
        }
      ]
    }
  }
},
{
  "_id": {
    "$oid": "67177c7112a776cb37fc5f03"
  },
  "review_id": "ChdDSUhNMG9nS0VJQ0FnSURUOF83Nnl3RRAB",
  "type": "prompt_result",
  "response": {
    "model_id": "sdaia/allam-1-13b-instruct",
    "created_at": "2024-10-22T10:20:33.422Z",
    "results": [
      {
        "generated_text": "Aspect: الخدمة\nPolarity: positive\nScore: +0.80\nDescription: جميل\nPhrases: [الخدمه والمكان جدا جميل]\n\nAspect: المكان\nPolarity: positive\nScore: +0.80\nDescription: جميل\nPhrases: [الخدمه والمكان جدا جميل]\n\nAspect: الموظفين\nPolarity: positive\nScore: +0.80\nDescription: جميل\nPhrases: [الخدمه والمكان جدا جميل]\n\nAspect: علي طالب\nPolarity: positive\nScore: +0.80\nDescription: جميل\nPhrases: [الخدمه والمكان جدا جميل] \n\nOutput:\n[\n    {\n        \"aspect\": \"الخدمه والمكان\",\n        \"lemmi_aspect\": \"خدمه ومكان\",\n        \"polarity\": \"positive\",\n        \"polarity_score\": \"+0.80\",\n        \"description\": [\"جميل\"],\n        \"phrases\": [\n            \"الخدمه والمكان جدا جميل\"\n        ]\n    },\n    {\n        \"aspect\": \"المكان\",\n        \"lemmi_aspect\": \"مكان\",\n        \"polarity\": \"positive\",\n        \"polarity_score\": \"+0.80\",\n        \"description\": [\"جميل\"],\n        \"phrases\": [\n            \"الخدمه والمكان جدا جميل\"\n        ]\n    },\n    {\n        \"aspect\": \"الموظفين\",\n        \"lemmi_aspect\": \"موظفين\",\n        \"polarity\": \"positive\",\n        \"polarity_score\": \"+0.80\",\n        \"description\": [\"جميل\"],\n        \"phrases\": [\n            \"الخدمه والمكان جدا جميل\"\n        ]\n    },\n    {\n        \"aspect\": \"علي طالب\",\n        \"lemmi_aspect\": \"علي طالب\",\n        \"polarity\": \"positive\",\n        \"polarity_score\": \"+0.80\",\n        \"description\": [\"جميل\"],\n        \"phrases\": [\n            \"الخدمه والمكان جدا جميل\"\n        ]\n    }\n] ",
        "generated_token_count": 482,
        "input_token_count": 2180,
        "stop_reason": "eos_token"
      }
    ],
    "system": {
      "warnings": [
        {
          "message": "This model is a Non-IBM Product governed by a third-party license that may impose use restrictions and other obligations. By using this model you agree to its terms as identified in the following URL.",
          "id": "disclaimer_warning",
          "more_info": "https://dataplatform.cloud.ibm.com/docs/content/wsj/analyze-data/fm-models.html?context=wx"
        }
      ]
    }
  }
},
{
  "_id": {
    "$oid": "67177bb812a776cb37fc5efc"
  },
  "review_id": "ChZDSUhNMG9nS0VJQ0FnSUNuaU1EV05nEAE",
  "type": "prompt_result",
  "response": {
    "model_id": "sdaia/allam-1-13b-instruct",
    "created_at": "2024-10-22T10:17:28.654Z",
    "results": [
      {
        "generated_text": "Output:\n[\n    {\n        \"aspect\": \"القهوة\",\n        \"lemmi_aspect\": \"قهوه\",\n        \"polarity\": \"positive\",\n        \"polarity_score\": \"+0.75\",\n        \"description\": [\"حلوه\", \"بارد\", \"التوت\"],\n        \"phrases\": [\n            \"القهوه حلوه خاصه البارد بالتوت\"\n        ]\n    },\n    {\n        \"aspect\": \"كيكة نمق\",\n        \"lemmi_aspect\": \"كيكه نمق\",\n        \"polarity\": \"negative\",\n        \"polarity_score\": \"-0.60\",\n        \"description\": [\"تحتاج تحسين\"],\n        \"phrases\": [\n            \"كيكه نمق اشوف انها تكفي اشخاص بالراحه\"\n        ]\n    },\n    {\n        \"aspect\": \"الحلاوة\",\n        \"lemmi_aspect\": \"حلاوه\",\n        \"polarity\": \"negative\",\n        \"polarity_score\": \"-0.70\",\n        \"description\": [\"زيادة\"],\n        \"phrases\": [\n            \"ماشاء اله حجمها وكميه السكر والحلا مو\"\n        ]\n    },\n    {\n        \"aspect\": \"نوع الحلاوة\",\n        \"lemmi_aspect\": \"نوع حلاوه\",\n        \"polarity\": \"positive\",\n        \"polarity_score\": \"+0.80\",\n        \"description\": [\"صغار\", \"لذيذ\"],\n        \"phrases\": [\n            \"انا افضل عندهم نوع يجي حبتين مع بعض صغار هو ولذيذ\"\n        ]\n    },\n    {\n        \"aspect\": \"النظافة\",\n        \"lemmi_aspect\": \"نظافه\",\n        \"polarity\": \"negative\",\n        \"polarity_score\": \"-0.85\",\n        \"description\": [\"تحتاج تحسين\"],\n        \"phrases\": [\n            \"تعليقي الدائم الي اتمني ياخذونه بجديه كل مره النظافه\"\n        ]\n    },\n    {\n        {\n            \"aspect\": \"دورات المياه\",\n            \"lemmi_aspect\": \"دورات مياه\",\n            \"polarity\": \"negative\",\n            \"polarity_score\": \"-0.90\",\n            \"description\": [\"تحتاج تنظيف\"],\n            \"phrases\": [\n                \"النظافه خاصه دورات المياه تحتاج نظافه بشده تحتاج تشم ريحه النظافه\"\n            ]\n        }\n    }\n] \n{\n    \"aspect\": \"القهوة\",\n    \"lemmi_aspect\": \"قهوه\",\n    \"polarity\": \"positive\",\n    \"polarity_score\": \"+0.75\",\n    \"description\": [\"حلوه\", \"بارد\", \"التوت\"],\n    \"phrases\": [\n        \"القهوه حلوه خاصه البارد بالتوت\"\n    ]\n},\n{\n    \"aspect\": \"كيكة نمق\",\n    \"lemmi_aspect\": \"كيكه نمق\",\n    \"polarity\": \"negative\",\n    \"polarity_score\": \"-0.60\",\n    \"description\": [\"تحتاج تحسين\"],\n    \"phrases\": [\n        \"كيكه نمق اشوف انها تكفي اشخاص بالراحه\"\n    ]\n},\n{\n    \"aspect\": \"الحلاوة\",\n    \"lemmi_aspect\": \"حلاوه\",\n    \"polarity\": \"negative\",\n    \"polarity_score\": \"-0.70\",\n    \"description\": [\"زيادة\"],\n    \"phrases\": [\n        \"ماشاء الله حجمها وكميه السكر والحلا مو\"\n    ]\n},\n{\n    \"aspect\": \"نوع الحلاوة\",\n    \"lemmi_aspect\": \"نوع حلاوه\",\n    \"polarity\": \"positive\",\n    \"polarity_score\": \"+0.80\",\n    \"description\": [\"صغار\", \"لذيذ\"],\n    \"phrases\": [\n        \"انا افضل عندهم نوع يجي حبتين مع بعض صغار هو ولذيذ\"\n    ]\n},\n{\n    \"aspect\": \"النظافة\",\n    \"lemmi_aspect\": \"نظافه\",\n    \"polarity\": \"negative\",\n    \"polarity_score\": \"-0.85\",\n    \"description\": [\"تحتاج تحسين\"],\n    \"phrases\": [\n        \"تعليقي الدائم الي اتمني ياخذونه بجديه كل مره النظافه\"\n    ]\n},\n{\n    \"aspect\": \"دورات المياه\",\n    \"lemmi_aspect\": \"دورات مياه\",\n    \"polarity\": \"negative\",\n    \"polarity_score\": \"-0.90\",\n    \"description\": [\"تحتاج تنظيف\"],\n    \"phrases\": [\n        \"النظافه خاصه دورات المياه تحتاج نظافه بشده تحتاج تشم ريحه النظافه\"\n    ]\n}\n] ",
        "generated_token_count": 1133,
        "input_token_count": 2235,
        "stop_reason": "eos_token"
      }
    ],
    "system": {
      "warnings": [
        {
          "message": "This model is a Non-IBM Product governed by a third-party license that may impose use restrictions and other obligations. By using this model you agree to its terms as identified in the following URL.",
          "id": "disclaimer_warning",
          "more_info": "https://dataplatform.cloud.ibm.com/docs/content/wsj/analyze-data/fm-models.html?context=wx"
        }
      ]
    }
  }
},
{
  "_id": {
    "$oid": "67177a8f392b6c265eb3fd68"
  },
  "review_id": "ChZDSUhNMG9nS0VJQ0FnSURuNU9qSVdnEAE",
  "type": "prompt_result",
  "response": {
    "model_id": "sdaia/allam-1-13b-instruct",
    "created_at": "2024-10-22T10:12:32.039Z",
    "results": [
      {
        "generated_text": "Output:\n[\n    {\n        \"aspect\": \"الخدمه\",\n        \"lemmi_aspect\": \"خدمه\",\n        \"polarity\": \"negative\",\n        \"polarity_score\": \"-0.90\",\n        \"description\": [\"سيئه\"],\n        \"phrases\": [\n            \"الخدمه سيئه اصلا مافيه خدمه انا الي اشيل لنفسي الطلب\"\n        ]\n    },\n    {\n        {\n            \"aspect\": \"الطلب\",\n            \"lemmi_aspect\": \"طلب\",\n            \"polarity\": \"negative\",\n            \"polarity_score\": \"-0.80\",\n            \"description\": [\"كثير\"],\n            \"phrases\": [\n                \"الطلب كثير ويشوفوني ومحد يبي اشيل واسال الموظف احد يساعد يقول NOT_ انا الي ارجع اصف طابور عشان اخذ الباقي تيك اوي مرا طريقه خايسه\"\n            ]\n        },\n        {\n            \"aspect\": \"الموظف\",\n            \"lemmi_aspect\": \"موظف\",\n            \"polarity\": \"negative\",\n            \"polarity_score\": \"-0.75\",\n            \"description\": [\"غير متعاون\"],\n            \"phrases\": [\n                \"يقول NOT_ انا الي ارجع اصف طابور عشان اخذ الباقي تيك اوي مرا طريقه خايسه علي ان الحلي اعجبني بس مستحيل ارجع المكان الي مايخدمني مايناسبني ابدا\"\n            ]\n        },\n        {\n            \"aspect\": \"المكان\",\n            \"lemmi_aspect\": \"مكان\",\n            \"polarity\": \"negative\",\n            \"polarity_score\": \"-0.85\",\n            \"description\": [\"غير مناسب\"],\n            \"phrases\": [\n                \"المكان الي مايخدمني مايناسبني ابدا\"\n            ]\n        },\n        {\n            \"aspect\": \"الحلي\",\n            \"lemmi_aspect\": \"حلي\",\n            \"polarity\": \"positive\",\n            \"polarity_score\": \"+0.70\",\n            \"description\": [\"مناسب\"],\n            \"phrases\": [\n                \"الحلي اعجبني بس مستحيل ارجع المكان الي مايخدمني مايناسبني ابدا\"\n            ]\n        }\n    ]\n] ",
        "generated_token_count": 510,
        "input_token_count": 2237,
        "stop_reason": "eos_token"
      }
    ],
    "system": {
      "warnings": [
        {
          "message": "This model is a Non-IBM Product governed by a third-party license that may impose use restrictions and other obligations. By using this model you agree to its terms as identified in the following URL.",
          "id": "disclaimer_warning",
          "more_info": "https://dataplatform.cloud.ibm.com/docs/content/wsj/analyze-data/fm-models.html?context=wx"
        }
      ]
    }
  }
},
{
  "_id": {
    "$oid": "67177aad392b6c265eb3fd6a"
  },
  "review_id": "ChZDSUhNMG9nS0VJQ0FnSURuNHBDbWJREAE",
  "type": "prompt_result",
  "response": {
    "model_id": "sdaia/allam-1-13b-instruct",
    "created_at": "2024-10-22T10:13:01.759Z",
    "results": [
      {
        "generated_text": "Output:\n[\n    {\n        \"aspect\": \"المكان\",\n        \"lemmi_aspect\": \"مكان\",\n        \"polarity\": \"positive\",\n        \"polarity_score\": \"+0.80\",\n        \"description\": [\"روعه\", \"يفتح النفس\", \"شرح\"],\n        \"phrases\": [\n            \"المكان روعه ويفتح النفس وشرح\"\n        ]\n    },\n    {\n        {\n            \"aspect\": \"الاخ تركي\",\n            \"lemmi_aspect\": \"اخ تركي\",\n            \"polarity\": \"positive\",\n            \"polarity_score\": \"+0.90\",\n            \"description\": [\"روحه الحلوه\", \"اسلوب راقي\"],\n            \"phrases\": [\n                \"اشكر الاخ تركي علي روحه الحلوه واسلوبه الراقي\"\n            ]\n        }\n    }\n] ",
        "generated_token_count": 201,
        "input_token_count": 2183,
        "stop_reason": "eos_token"
      }
    ],
    "system": {
      "warnings": [
        {
          "message": "This model is a Non-IBM Product governed by a third-party license that may impose use restrictions and other obligations. By using this model you agree to its terms as identified in the following URL.",
          "id": "disclaimer_warning",
          "more_info": "https://dataplatform.cloud.ibm.com/docs/content/wsj/analyze-data/fm-models.html?context=wx"
        }
      ]
    }
  }
},
{
  "_id": {
    "$oid": "671c4476dfdb849e674b37a2"
  },
  "review_id": "ChdDSUhNMG9nS0VJQ0FnSUQ3ajZpdXFnRRAB",
  "type": "prompt_result",
  "response": {
    "model_id": "sdaia/allam-1-13b-instruct",
    "created_at": "2024-10-26T01:23:03.176Z",
    "results": [
      {
        "generated_text": "Output:\n[\n    {\n        \"aspect\": \"الكيكة\",\n        \"lemmi_aspect\": \"كيكه\",\n        \"polarity\": \"positive\",\n        \"polarity_score\": \"+0.95\",\n        \"description\": [\"الذ\", \"لذيذة\"],\n        \"phrases\": [\n            \"لو في اكثر من خمس نجمات حطيت الذ كيكه ذقتها هي كيكه نمق\",\n            \"في كل زياره طعمها نفسه مره لذيذه\",\n        ]\n    },\n    {\n        \"aspect\": \"المكان\",\n        \"lemmi_aspect\": \"مكان\",\n        \"polarity\": \"positive\",\n        \"polarity_score\": \"+0.80\",\n        \"description\": [\"من اجمل الكوفيات بالخبر\"],\n        \"phrases\": [\n            \"من اجمل الكوفيات بالخبر\"\n        ]\n    },\n    {\n        \"aspect\": \"الموظف تركي\",\n        \"lemmi_aspect\": \"موظف تركي\",\n        \"polarity\": \"positive\",\n        \"polarity_score\": \"+0.90\",\n        \"description\": [\"اسلوبه\", \"خدمته\"],\n        \"phrases\": [\n            \"اشكر الموظف تركي علي اسلوبه و خدمته الكثر من رائعه\"\n        ]\n    }\n] ",
        "generated_token_count": 308,
        "input_token_count": 2218,
        "stop_reason": "eos_token"
      }
    ],
    "system": {
      "warnings": [
        {
          "message": "This model is a Non-IBM Product governed by a third-party license that may impose use restrictions and other obligations. By using this model you agree to its terms as identified in the following URL.",
          "id": "disclaimer_warning",
          "more_info": "https://dataplatform.cloud.ibm.com/docs/content/wsj/analyze-data/fm-models.html?context=wx"
        }
      ]
    }
  }
}]