[{
  "_id": {
    "$oid": "67276017fd443edd67cfd0eb"
  },
  "business_id": "66eb726e1b898c92f06c243f",
  "data": {
    "summary": "الملخص العام لآراء المستخدمين حول نمق كافيه يعكس تجربة إيجابية بشكل عام. العملاء يقدرون جودة القهوة وتنوع النكهات المقدمة. كما أشادوا بخدمة الموظفين السريعة والمتعاونة، بالإضافة إلى الأجواء الهادئة والمريحة في المكان. ومع ذلك، هناك بعض الآراء السلبية التي تشير إلى الازدحام وعدم الاهتمام بالنظافة في بعض الأحيان.<br><br>في المجمل، يمكن القول إن العملاء يستمتعون بتجربة نمق كافيه ويقدرون جودة القهوة والخدمة السريعة، لكن هناك مجال للتحسين فيما يتعلق بالنظافة وتنظيم المكان.",
    "recommendations": "استنادًا إلى الآراء الإيجابية والسلبية، يمكن تقديم التوصيات التالية لتحسين تجربة العملاء:<br><br>1. التركيز على تحسين جودة النظافة والاهتمام بالنظافة العامة في المكان.<br>2. تنظيم المكان بشكل أفضل لتجنب الازدحام وتوفير مساحة أكبر للعملاء.<br>3. توفير خيارات أكثر للجلوس وتحسين تصميم الجلسات لتوفير راحة أكبر للعملاء.<br>4. تعزيز تجربة العملاء من خلال توفير المزيد من الخيارات للحلويات والمشروبات.<br>5. تحسين جودة الموسيقى الخلفية لتوفير تجربة أكثر استرخاء للعملاء.<br>6. تعزيز التواصل مع العملاء من خلال توفير قنوات تواصل مباشرة وسريعة للاستفسارات والشكاوى.",
    "ideas": "لتعزيز مكانة نمق كافيه وجذب المزيد من العملاء، يمكن استكشاف الأفكار التالية:<br><br>1. تنظيم فعاليات ثقافية أو فنية داخل المقهى لجذب جمهور متنوع وزيادة التفاعل مع العملاء.<br>2. التعاون مع فنانين محليين لعرض أعمالهم الفنية داخل المقهى وتوفير تجربة فريدة للعملاء.<br>3. تقديم ورش عمل أو دورات تدريبية في مجال القهوة المختصة لجذب عشاق القهوة وتوفير تجربة تعليمية للعملاء.<br>4. تطوير تطبيق موبايل يتيح للعملاء طلب المشروبات والوجبات بسهولة ويوفر معلومات عن الفعاليات والعروض الخاصة.<br>5. توسيع نطاق الأعمال ليشمل منتجات القهوة المختصة والمحامص الخاصة بالمقهى لتوفير تجربة متكاملة للعملاء.<br>6. التعاون مع منظمات غير ربحية محلية لدعم مبادرات اجتماعية وبيئية تعكس قيم المقهى وتساهم في تحسين المجتمع.<br><br>تذكر أن هذه الأفكار تهدف إلى تعزيز مكانة نمق كافيه وجذب المزيد من العملاء، مع التركيز على استكشاف جوانب جديدة ومبتكرة."
  },
  "extraction_date": {
    "$date": "2024-11-03T14:35:50.857Z"
  }
},
{
  "_id": {
    "$oid": "672a25c41a12c3d171e21823"
  },
  "business_id": "6729bf505b8a64738afab6aa",
  "data": {
    "summary": "استنادًا إلى آراء المستخدمين حول مطعم لوت، يمكن تلخيص تجربة العملاء بشكل عام بأنها إيجابية. أشاد العملاء بأجواء المطعم الهادئة والأنيقة، بالإضافة إلى الخدمة الجيدة والموظفين الودودين. كما أثنوا على جودة الطعام وتنوعه، مما يجعله تجربة تناول طعام ممتعة.",
    "recommendations": "لتحسين تجربة العملاء بشكل أكبر، يمكن النظر في بعض التوصيات العملية:<br>1. تحسين تنوع قائمة الطعام لتلبية احتياجات وتفضيلات العملاء المختلفة.<br>2. توفير خيارات نباتية وخالية من الجلوتين لتلبية احتياجات النظام الغذائي الخاص.<br>3. تعزيز جودة الخدمة من خلال تدريب الموظفين على التعامل مع العملاء بشكل أفضل وتقديم خدمة سريعة وفعالة.<br>4. تحسين جودة الصوت في المطعم لتوفير تجربة استماع أفضل أثناء تناول الطعام.<br>5. توسيع ساعات العمل لتلبية احتياجات العملاء الذين يفضلون تناول الطعام في أوقات مختلفة من اليوم.",
    "ideas": "لتعزيز مكانة مطعم لوت وجذب المزيد من العملاء، يمكن استكشاف الأفكار التالية:<br>1. تنظيم فعاليات خاصة مثل حفلات العشاء أو المناسبات الخاصة لجذب العملاء وزيادة الوعي بالعلامة التجارية.<br>2. التعاون مع الطهاة المحليين أو الدوليين لتقديم تجارب طهي فريدة ومبتكرة.<br>3. تطوير تطبيق موبايل يتيح للعملاء طلب الطعام وتتبع الطلبات وتلقي العروض الترويجية.<br>4. توسيع نطاق التوصيل إلى مناطق جديدة لتلبية احتياجات العملاء الذين يفضلون تناول الطعام في المنزل.<br>5. إنشاء برنامج ولاء للعملاء لتحفيزهم على تكرار الزيارات والاستفادة من المزايا الحصرية.<br><br>يرجى مراعاة أن هذه التوصيات والأفكار تعتمد على المعلومات المقدمة وقد تحتاج إلى تعديل بناءً على احتياجات وتفضيلات المطعم الفعلية."
  },
  "extraction_date": {
    "$date": "2024-11-05T17:03:48.401Z"
  }
},
{
  "_id": {
    "$oid": "672a25ebc08ffc061094e4ef"
  },
  "business_id": "6729f52c4f27ec0ecdf27d16",
  "data": {
    "summary": "في المجمل، يعبر المستخدمون عن رضاهم وإعجابهم بـ \"وكف\" كمقهى. يظهر الجانب الإيجابي في آراء المستخدمين من خلال كلمات مثل \"لذيذ\"، \"روقاااااان\"، \"ممتازه\"، \"عجبتني\"، \"مضبوطه\"، \"جدا رايق\"، \"الستاف بشوشين\"، \"خدمتهم مره سريعه وكويسه\"، \"حلو\"، \"رايق\"، \"شرح\"، \"واسع\"، \"شرح\"، \"مريح\"، \"شرح\"، \"هادي\"، \"رايق\"، \"شرح\"، \"جميل\"، \"هادي\"، \"يبي يختلي\"، \"يعجبه\".<br><br>من الجانب الإيجابي، يقدر المستخدمون جودة القهوة وتنوع المنتجات المقدمة مثل الفطائر والمعجنات. كما يشيدون بالخدمة السريعة والودية للموظفين.<br><br>من الجانب السلبي، لا توجد آراء سلبية واضحة أو انتقادات محددة.<br><br>في المجمل، تعكس آراء المستخدمين تجربة إيجابية ومرضية في \"وكف\" كمقهى.",
    "recommendations": "استنادًا إلى الآراء الإيجابية، يمكن اقتراح بعض التوصيات لتحسين تجربة العملاء وتعزيز الخدمة:<br><br>1. تحسين جودة القهوة: يمكن التركيز على تحسين جودة القهوة وتنويع النكهات لتلبية تفضيلات العملاء المختلفة.<br>2. توسيع قائمة الطعام: يمكن إضافة المزيد من الخيارات الصحية والمبتكرة إلى قائمة الطعام لتلبية احتياجات العملاء المتنوعة.<br>3. تحسين سرعة الخدمة: يمكن العمل على تحسين سرعة الخدمة لضمان تلبية احتياجات العملاء بشكل أسرع وأكثر كفاءة.<br>4. توفير مقاعد مريحة: يمكن تحسين تصميم المقاعد وتوفير مقاعد مريحة للعملاء للاستمتاع بتجربة الجلوس في المقهى.<br>5. تنظيم الفعاليات والأنشطة: يمكن تنظيم فعاليات وأنشطة ترفيهية لجذب المزيد من العملاء وتعزيز التفاعل الاجتماعي.",
    "ideas": "لتعزيز مكانة \"وكف\" وجذب المزيد من العملاء، يمكن استكشاف الأفكار التالية:<br><br>1. التعاون مع فنانين محليين: يمكن التعاون مع فنانين محليين لعرض أعمالهم الفنية في المقهى، مما يعزز الجو الثقافي ويجذب المزيد من العملاء.<br>2. تقديم ورش عمل ودروس الطهي: يمكن تنظيم ورش عمل ودروس الطهي لتعليم العملاء كيفية إعداد بعض المنتجات المقدمة في المقهى، مما يعزز التفاعل بين العملاء والموظفين.<br>3. توفير خدمة التوصيل: يمكن توسيع نطاق الخدمة لتشمل خدمة التوصيل لتلبية احتياجات العملاء الذين يفضلون تناول الطعام في المنزل أو المكتب.<br>4. استخدام وسائل التواصل الاجتماعي: يمكن تعزيز وجود \"وكف\" على منصات التواصل الاجتماعي والتفاعل مع العملاء من خلال مشاركة الصور والوصفات والترويج للفعاليات والأنشطة.<br>5. تنظيم فعاليات خيرية: يمكن تنظيم فعاليات خيرية بالتعاون مع جمعيات محلية، مما يعزز المسؤولية الاجتماعية ويجذب المزيد من العملاء المهتمين بالقضايا الإنسانية.<br><br>تذكر أن هذه التوصيات والأفكار تعتمد على آراء المستخدمين ويمكن تعديلها بناءً على احتياجات وتفضيلات العملاء الخاصة بـ \"وكف\"."
  },
  "extraction_date": {
    "$date": "2024-11-05T14:04:27.337Z"
  }
},
{
  "_id": {
    "$oid": "672a2a4d54f75f25df1bfac1"
  },
  "business_id": "6729f7da4ef59460f379aee9",
  "data": {
    "summary": "استنادًا إلى آراء المستخدمين والملاحظات حول مقهى ثيردويڤ في الفيصلية، يمكن تلخيص تجربة العملاء بشكل عام على النحو التالي:<br><br>- تنوع المشروبات والحلويات: يشيد العملاء بتنوع المشروبات والحلويات المتوفرة في المقهى.<br>- جودة المنتجات: يعتبر العملاء جودة المنتجات المقدمة جيدة بشكل عام.<br>- تعامل الموظفين: يعتبر العملاء تعامل الموظفين في المقهى جيدًا، مع بعض الملاحظات السلبية حول تعامل بعض الموظفين.<br>- الأسعار: يعتبر العملاء أسعار المنتجات في المقهى معقولة ومناسبة.<br>- الأجواء: يعتبر العملاء أجواء المقهى مقبولة، مع بعض الملاحظات السلبية حول مستوى الضوضاء وصعوبة التواصل بين الزبائن.",
    "recommendations": "استنادًا إلى الملاحظات الإيجابية والسلبية، يمكن تقديم التوصيات التالية لتحسين تجربة العملاء:<br><br>- تحسين تعامل الموظفين: يجب على إدارة المقهى التركيز على تدريب الموظفين على التعامل مع العملاء بشكل أفضل، خاصة في حالات الازدحام والضوضاء.<br>- توفير خيارات أكثر للقهوة: يمكن للمقهى توسيع قائمة أنواع القهوة المقدمة لتلبية تفضيلات العملاء المختلفة.<br>- تحسين جودة بعض المنتجات: يمكن للمقهى العمل على تحسين جودة بعض المنتجات التي لم تحظ بإعجاب العملاء.<br>- تنظيم الأجواء: يمكن للمقهى العمل على تحسين مستوى الضوضاء وتوفير مساحات أكثر هدوءًا للزبائن.<br>- تعزيز التواصل مع العملاء: يمكن للمقهى استخدام وسائل التواصل الاجتماعي بشكل أفضل للتواصل مع العملاء والاستماع إلى ملاحظاتهم واقتراحاتهم.",
    "ideas": "لتعزيز مكانة المقهى وجذب المزيد من العملاء، يمكن استكشاف الأفكار التالية:<br><br>- تنظيم فعاليات خاصة: يمكن للمقهى تنظيم فعاليات خاصة مثل ليالي الشعر أو الموسيقى الحية لجذب العملاء وزيادة التفاعل.<br>- تقديم خدمات إضافية: يمكن للمقهى تقديم خدمات إضافية مثل توفير مساحات للعمل المشترك أو تنظيم دورات تدريبية في مجال القهوة.<br>- التعاون مع العلامات التجارية المحلية: يمكن للمقهى التعاون مع العلامات التجارية المحلية لتقديم منتجات حصرية أو تنظيم فعاليات مشتركة.<br>- استخدام التكنولوجيا: يمكن للمقهى استخدام التكنولوجيا لتحسين تجربة العملاء، مثل توفير تطبيقات للهواتف الذكية لطلب المنتجات وتتبع الطلبات.<br>- التركيز على الاستدامة: يمكن للمقهى التركيز على الاستدامة من خلال استخدام مواد صديقة للبيئة وتقليل الفاقد والترويج للمنتجات المحلية.<br><br>يرجى مراعاة أن هذه التوصيات والأفكار تعتمد على المعلومات المتوفرة وقد تحتاج إلى تعديل بناءً على الظروف الخاصة بالمقهى."
  },
  "extraction_date": {
    "$date": "2024-11-05T14:23:09.313Z"
  }
},
{
  "_id": {
    "$oid": "672dc92c54f75f25df1bfb0e"
  },
  "business_id": "672dc87854f75f25df1bfac2",
  "data": {
    "summary": "استنادًا إلى آراء المستخدمين والملاحظات حول كافيه ليلو، يمكن تلخيص تجربة العملاء بشكل عام على النحو التالي:<br><br>- الأجواء: يعتبر كافيه ليلو مكانًا جميلًا بتنوع الجلسات وتوفر النباتات لإضفاء جو منعش.<br>- الطعام: يشيد العملاء بجودة الطعام وتنوع الخيارات المقدمة.<br>- الأسعار: تعتبر الأسعار معقولة ومناسبة.<br><br>ومع ذلك، توجد بعض الجوانب السلبية التي يجب معالجتها لتحسين تجربة العملاء:<br><br>- الضوضاء: يعاني بعض العملاء من الضوضاء الناتجة عن النافورة وصعوبة التواصل بين الأفراد.<br>- تعامل الموظفين: يعتبر تعامل الموظفين، خاصة الكاشير وعامل آخر، غير مرضٍ للعملاء.",
    "recommendations": "لتحسين تجربة العملاء في كافيه ليلو، يمكن اتباع التوصيات التالية:<br><br>- تحسين جودة الصوت: يمكن استخدام مواد عازلة للصوت للحد من الضوضاء الناتجة عن النافورة.<br>- تدريب الموظفين: يجب توفير تدريب للموظفين حول كيفية التعامل مع العملاء بشكل أفضل وتحسين مهارات التواصل.<br>- توفير خيارات أكثر: يمكن توسيع قائمة المشروبات والقهوة لتلبية احتياجات العملاء المتنوعة.",
    "ideas": "لتعزيز مكانة كافيه ليلو وجذب المزيد من العملاء، يمكن استكشاف الأفكار التالية:<br><br>- تنظيم فعاليات: يمكن تنظيم فعاليات ثقافية أو فنية داخل الكافيه لجذب جمهور أوسع.<br>- التعاون مع الفنانين المحليين: يمكن التعاون مع الفنانين المحليين لعرض أعمالهم وتوفير تجربة فريدة للعملاء.<br>- تقديم خدمات إضافية: يمكن تقديم خدمات مثل توفير مساحات عمل مشتركة أو تنظيم ورش عمل لتعزيز تجربة العملاء.<br><br>يرجى مراعاة أن هذه التوصيات والأفكار تعتمد على المعلومات المتوفرة وقد تحتاج إلى تعديلات بناءً على تفاصيل كافيه ليلو وظروف السوق المحلية."
  },
  "extraction_date": {
    "$date": "2024-11-08T08:17:48.784Z"
  }
}]